{
    "intrinsic": {
        "left_mono": {
            "fx": 2038.0365245271507,
            "fy": 2037.7910854230613,
            "cx": 1093.4017608085128,
            "cy": 1905.502868396003,
            "k1": -0.23769695008311692,
            "k2": 0.10112772652377058,
            "p1": 0.00013312650765094094,
            "p2": -0.00020738107370285293,
            "k3": -0.023545943684076014,
            "width": 2160,
            "height": 3840
        },
        "right_mono": {
            "fx": 2036.1719088861812,
            "fy": 2035.863279701123,
            "cx": 1069.1613390881962,
            "cy": 1874.7217307810931,
            "k1": -0.23921926852840936,
            "k2": 0.10364561766388404,
            "p1": 0.0001650110507224283,
            "p2": -0.0001912879375521584,
            "k3": -0.024694522112241473,
            "width": 2160,
            "height": 3840
        },
        "color": {
            "fx": 2037.6115449406216,
            "fy": 2037.15098468636,
            "cx": 1100.1226341361348,
            "cy": 1858.3300802725623,
            "k1": -0.2367193284307907,
            "k2": 0.09991489550368102,
            "p1": -0.0001406738206190517,
            "p2": -9.692300733123854e-05,
            "k3": -0.022865588496715262,
            "width": 2160,
            "height": 3840
        }
    },
    "extrinsic": [
        {
            "T": {
                "x": -0.15962238338932525,
                "y": -3.328926904958721e-05,
                "z": -0.00012440105730798865
            },
            "R": {
                "x": 7.682674076822155e-06,
                "y": 0.002643902751603489,
                "z": 0.001428819725302475,
                "w": 0.9999954840865078
            },
            "parent": "left_mono",
            "child": "right_mono"
        },
        {
            "T": {
                "x": -0.07963177669080869,
                "y": 4.686211678928431e-05,
                "z": -0.0012263828670030425
            },
            "R": {
                "x": -0.0012807068825844154,
                "y": 0.0017476667976208688,
                "z": 0.0006043671793155169,
                "w": 0.9999974700922788
            },
            "parent": "left_mono",
            "child": "color"
        }
    ],
    "rect": [
        {
            "R_left": [
                [
                    0.9999780860482249,
                    -0.0026490179161109723,
                    0.006067135024804203
                ],
                [
                    0.002649069578934311,
                    0.9999964912089124,
                    -4.789889756563374e-07
                ],
                [
                    -0.006067112467644523,
                    1.655124130465297e-05,
                    0.9999815947668044
                ]
            ],
            "R_right": [
                [
                    0.9999996745635288,
                    0.00020855006365149282,
                    0.0007793456918878585
                ],
                [
                    -0.00020855669989912877,
                    0.9999999782164859,
                    8.433893587286621e-06
                ],
                [
                    -0.0007793439160219255,
                    -8.596428608128522e-06,
                    0.9999996962745349
                ]
            ],
            "P_left": [
                [
                    2036.8271825620923,
                    0.0,
                    1085.8623657226562,
                    0.0
                ],
                [
                    0.0,
                    2036.8271825620923,
                    1805.7039184570312,
                    0.0
                ],
                [
                    0.0,
                    0.0,
                    1.0,
                    0.0
                ]
            ],
            "P_right": [
                [
                    2036.8271825620923,
                    0.0,
                    1047.396240234375,
                    -325.1233152397098
                ],
                [
                    0.0,
                    2036.8271825620923,
                    1805.7039184570312,
                    0.0
                ],
                [
                    0.0,
                    0.0,
                    1.0,
                    0.0
                ]
            ],
            "Q": [
                [
                    1.0,
                    0.0,
                    0.0,
                    -1085.8623657226562
                ],
                [
                    0.0,
                    1.0,
                    0.0,
                    -1805.7039184570312
                ],
                [
                    0.0,
                    0.0,
                    0.0,
                    2036.8271825620923
                ],
                [
                    0.0,
                    0.0,
                    6.264783505484256,
                    -240.9819484788719
                ]
            ],
            "first_cam": "left_mono",
            "second_cam": "right_mono"
        },
        {
            "R_left": [
                [
                    0.9998198628644467,
                    -0.0018408868148853295,
                    0.018890552068527685
                ],
                [
                    0.0018167696940811552,
                    0.9999975127654914,
                    0.0012937583659256772
                ],
                [
                    -0.018892886746012173,
                    -0.0012592055294969775,
                    0.999820720545357
                ]
            ],
            "R_right": [
                [
                    0.9998812576478403,
                    -0.00058841525605107,
                    0.015398843205246543
                ],
                [
                    0.0006080725907944362,
                    0.9999990062646071,
                    -0.0012718952483421293
                ],
                [
                    -0.015398079500302815,
                    0.0012811078349916924,
                    0.999880621829635
                ]
            ],
            "P_left": [
                [
                    2037.4710350547107,
                    0.0,
                    1045.3428344726562,
                    0.0
                ],
                [
                    0.0,
                    2037.4710350547107,
                    1788.8288269042969,
                    0.0
                ],
                [
                    0.0,
                    0.0,
                    1.0,
                    0.0
                ]
            ],
            "P_right": [
                [
                    2037.4710350547107,
                    0.0,
                    1074.094482421875,
                    -162.26670640786367
                ],
                [
                    0.0,
                    2037.4710350547107,
                    1788.8288269042969,
                    0.0
                ],
                [
                    0.0,
                    0.0,
                    1.0,
                    0.0
                ]
            ],
            "Q": [
                [
                    1.0,
                    0.0,
                    0.0,
                    -1045.3428344726562
                ],
                [
                    0.0,
                    1.0,
                    0.0,
                    -1788.8288269042969
                ],
                [
                    0.0,
                    0.0,
                    0.0,
                    2037.4710350547107
                ],
                [
                    0.0,
                    0.0,
                    12.556309794896855,
                    361.0145987642014
                ]
            ],
            "first_cam": "left_mono",
            "second_cam": "color"
        }
    ]
}