{
    "intrinsic": {
        "cam1_ir1": {
            "fx": 2023.9467496435936,
            "fy": 2024.9716142954117,
            "cx": 1071.6181602896668,
            "cy": 1880.9864025110674,
            "k1": -0.2377995410201341,
            "k2": 0.10532803983572456,
            "p1": 5.6635433684832874e-05,
            "p2": 0.0002204680670862345,
            "k3": -0.026332415660823724
        },
        "cam1_ir2": {
            "fx": 2022.731522610891,
            "fy": 2024.1147905582814,
            "cx": 1089.0762884884994,
            "cy": 1885.9529478168954,
            "k1": -0.23794699876252395,
            "k2": 0.10547022849610206,
            "p1": -0.0001384093353234326,
            "p2": 9.97280915167686e-05,
            "k3": -0.026539100950105154
        }
    },
    "extrinsic": [
        {
            "T": {
                "x": -0.1599747681794272,
                "y": -0.0006034927126132321,
                "z": -0.0005452257505457718
            },
            "R": {
                "x": 0.001873332940193499,
                "y": -0.003987546711526055,
                "z": -0.005431279544061051,
                "w": 0.9999755453497015
            },
            "parent": "cam1_ir1",
            "child": "cam1_ir2"
        }
    ]
}