{
    "intrinsic": {
        "cam1_ir1": {
            "fx": 1016.8845587835452,
            "fy": 1017.2507395024676,
            "cx": 535.0347965772776,
            "cy": 941.1071458162407,
            "k1": -0.24263711443169678,
            "k2": 0.11165428267015297,
            "p1": 0.00026541849471578305,
            "p2": -6.294659825123204e-05,
            "k3": -0.029700065514163303
        },
        "cam1_ir2": {
            "fx": 1016.7166681624846,
            "fy": 1017.1121829047726,
            "cx": 543.1646731589353,
            "cy": 942.1891725275241,
            "k1": -0.2451561090142759,
            "k2": 0.11648122774886663,
            "p1": -0.0001087951282508453,
            "p2": -0.0002035247983051173,
            "k3": -0.03309616668270704
        }
    },
    "extrinsic": [
        {
            "T": {
                "x": -0.15951281111061907,
                "y": -0.0004155218122160938,
                "z": -0.00029615548775394475
            },
            "R": {
                "x": 0.0012897647265688963,
                "y": -0.004053499607849379,
                "z": -0.005323946489201599,
                "w": 0.9999767803512537
            },
            "parent": "cam1_ir1",
            "child": "cam1_ir2"
        }
    ]
}