{
    "R": {
        "cam1_ir1": [
            [
                0.9999919622388316,
                0.00370759607980221,
                -0.001526168090429424
            ],
            [
                -0.0037064743016476777,
                0.9999928592648597,
                0.0007372025107824812
            ],
            [
                0.0015288904416063374,
                -0.000731539882517584,
                0.9999985636706775
            ]
        ],
        "cam1_ir2": [
            [
                0.9998967606433689,
                0.014292883595264753,
                0.0014770014995868649
            ],
            [
                -0.01428208948005917,
                0.9998729605016866,
                -0.0070770599599194635
            ],
            [
                -0.0015779654562611582,
                0.007055234661223092,
                0.9999738665029673
            ]
        ]
    },
    "P": {
        "cam1_ir1": [
            [
                1012.5401773931171,
                0.0,
                1201.1343383789062,
                0.0
            ],
            [
                0.0,
                1012.5401773931171,
                608.4966125488281,
                0.0
            ],
            [
                0.0,
                0.0,
                1.0,
                0.0
            ]
        ],
        "cam1_ir2": [
            [
                1012.5401773931171,
                0.0,
                1201.1343383789062,
                0.0
            ],
            [
                0.0,
                1012.5401773931171,
                542.9609985351562,
                161.65725466511287
            ],
            [
                0.0,
                0.0,
                1.0,
                0.0
            ]
        ]
    }
}