{
    "intrinsic": {
        "cam1_ir2": {
            "fx": 1011.8617556103441,
            "fy": 1011.2759370343673,
            "cx": 976.631291179202,
            "cy": 536.6070598467475,
            "k1": -0.23446550778606326,
            "k2": 0.10147249203451,
            "p1": 0.0002034923105784662,
            "p2": -7.394897361076474e-05,
            "k3": -0.0253922535531901
        },
        "cam1_ir1": {
            "fx": 1013.2185991758902,
            "fy": 1012.4718382034893,
            "cx": 974.5869392887909,
            "cy": 544.5452037191194,
            "k1": -0.23915102104518957,
            "k2": 0.10784946362234499,
            "p1": 0.00019279253061961656,
            "p2": 0.0002707003115098547,
            "k3": -0.028720313569420036
        }

    },
    "extrinsic": [
        {
            "T": {
                "x": 0.0022802091490055046,
                "y": -0.15963486824269127,
                "z": 0.0011298890747884387
            },
            "R": {
                "x": -0.0038934821733816074,
                "y": -0.001536678378834997,
                "z": 0.005292913459431165,
                "w": 0.9999772319824269
            },
            "parent": "cam1_ir2",
            "child": "cam1_ir1"
        }
    ]
}