{
    "R": {
        "cam1_ir1": [
            [
                0.9998823565918519,
                0.014632256357725982,
                -0.004601092284064896
            ],
            [
                -0.01464077366059175,
                0.9998911563848699,
                -0.0018229454042766374
            ],
            [
                0.004573917680065629,
                0.001890094497488916,
                0.9999877533349328
            ]
        ],
        "cam1_ir2": [
            [
                0.9999870767495396,
                0.003772375608941862,
                0.0034081543649764536
            ],
            [
                -0.003778696620568975,
                0.9999911491753022,
                0.0018501413211421988
            ],
            [
                -0.003401144772006661,
                -0.0018629957926838158,
                0.9999924807021883
            ]
        ]
    },
    "P": {
        "cam1_ir1": [
            [
                2024.5432024268466,
                0.0,
                1071.0522766113281,
                0.0
            ],
            [
                0.0,
                2024.5432024268466,
                1661.1773071289062,
                0.0
            ],
            [
                0.0,
                0.0,
                1.0,
                0.0
            ]
        ],
        "cam1_ir2": [
            [
                2024.5432024268466,
                0.0,
                1107.36328125,
                -323.8800150600237
            ],
            [
                0.0,
                2024.5432024268466,
                1661.1773071289062,
                0.0
            ],
            [
                0.0,
                0.0,
                1.0,
                0.0
            ]
        ]
    }
}