{
    "R": {
        "cam1_ir1": [
            [
                0.999892595700324,
                0.01324677794275552,
                -0.0062705612032550396
            ],
            [
                -0.013254790857740931,
                0.9999113849714079,
                -0.00123803226066991
            ],
            [
                0.006253605598851668,
                0.001321014267991772,
                0.9999795734605371
            ]
        ],
        "cam1_ir2": [
            [
                0.9999948836463669,
                0.002604929869676376,
                0.001856615593795582
            ],
            [
                -0.0026073033868596607,
                0.9999957854337929,
                0.0012771388727188737
            ],
            [
                -0.001853280911768966,
                -0.0012819730985505768,
                0.999997460944195
            ]
        ]
    },
    "P": {
        "cam1_ir1": [
            [
                1017.1814612036201,
                0.0,
                509.58331298828125,
                0.0
            ],
            [
                0.0,
                1017.1814612036201,
                990.4205932617188,
                0.0
            ],
            [
                0.0,
                0.0,
                1.0,
                0.0
            ]
        ],
        "cam1_ir2": [
            [
                1017.1814612036201,
                0.0,
                548.8441619873047,
                -162.25430443659656
            ],
            [
                0.0,
                1017.1814612036201,
                990.4205932617188,
                0.0
            ],
            [
                0.0,
                0.0,
                1.0,
                0.0
            ]
        ]
    }
}